Date,Tweet
22/10/2018,Wanna buy some Bitcoin? 😉😉
22/10/2018,Wanna buy some Bitcoin? 😉😉
20/12/2020,Bitcoin is almost as bs as fiat money
20/12/2020,Bitcoin is my safe word
16/11/2020,🎶 Toss a bitcoin to ur Witcher 🎶
15/05/2020,I still only own 0.25 Bitcoins btw
15/05/2020,"Pretty much, although massive currency issuance by govt central banks is making Bitcoin Internet 👻 money look solid by comparison"
01/05/2020,How much for some anime Bitcoin?
10/01/2020,Bitcoin is *not* my safe word
22/10/2018,Wanna buy some Bitcoin? 😉😉
20/11/2021,Bitcoin cures cancer
24/10/2021,"Out of curiosity, I acquired some ascii hash strings called “Bitcoin, Ethereum &amp; Doge”. That’s it. As I’ve said before, don’t bet the farm on crypto! True value is building products &amp; providing services to your fellow human beings, not money in any form."
24/10/2021,"Possibly. Bitcoin was conceived at a time of relatively low bandwidth &amp; high latency. If both continue to improve substantially, we will reach a point when no second layer is needed."
29/07/2021,"We don’t have that many Bitcoin, but it’s close"
25/06/2021,“That’s not funny!” – Bitcoin maxis
25/06/2021,How many Bitcoin maxis does it take to screw in a lightbulb?
25/06/2021,Oh right … Bitcoin haha
13/06/2021,"This is inaccurate. Tesla only sold ~10% of holdings to confirm BTC could be liquidated easily without moving market. When there’s confirmation of reasonable (~50%) clean energy usage by miners with positive future trend, Tesla will resume allowing Bitcoin transactions."
04/06/2021,#Bitcoin 💔
24/05/2021,Spoke with North American Bitcoin miners. They committed to publish current &amp; planned renewable usage &amp; to ask miners WW to do so. Potentially promising.
21/05/2021,Bitcoin hashing (aka mining) energy usage is starting to exceed that of medium-sized countries. Almost impossible for small hashers to succeed without those massive economies of scale.
17/05/2021,"To clarify speculation, Tesla has not sold any Bitcoin"
16/05/2021,"Bitcoin is actually highly centralized, with supermajority controlled by handful of big mining (aka hashing) companies. A single coal mine in Xinjiang flooded, almost killing miners, and Bitcoin hash rate dropped 35%. Sound “decentralized” to you?"
16/05/2021,"He should wear outfit for Halloween, but with “Bitcoin” tattooed high on thighs"
13/05/2021,Tesla &amp; Bitcoin
27/04/2021,"No, you do not. I have not sold any of my Bitcoin. Tesla sold 10% of its holdings essentially to prove liquidity of Bitcoin as an alternative to holding cash on balance sheet."
24/03/2021,Pay by Bitcoin capability available outside US later this year
24/03/2021,"Tesla is using only internal &amp; open source software &amp; operates Bitcoin nodes directly. Bitcoin paid to Tesla will be retained as Bitcoin, not converted to fiat currency."
24/03/2021,You can now buy a Tesla with Bitcoin
12/03/2021,BTC (Bitcoin) is an anagram of TBC(The Boring Company) What a coincidence!
19/02/2021,"To be clear, I am *not* an investor, I am an engineer. I don’t even own any publicly traded stock besides Tesla. However, when fiat currency has negative real interest, only a fool wouldn’t look elsewhere. Bitcoin is almost as bs as fiat money. The key word is “almost”."
19/02/2021,"Tesla’s action is not directly reflective of my opinion. Having some Bitcoin, which is simply a less dumb form of liquidity than cash, is adventurous enough for an S&amp;P500 company."
